City_ID,City,Lat,Lng,Max Temp,Humidity,Cloudiness,Wind Speed,Country,Date
0,esperance,-33.8667,121.9,60.01,82,100,8.03,AU,1680132340
1,tuatapere,-46.1333,167.6833,49.42,55,56,4.92,NZ,1680132340
2,alta floresta,-9.8756,-56.0861,73.74,95,92,3.31,BR,1680132340
3,yellowknife,62.456,-114.3525,19.92,68,75,10.36,CA,1680132340
4,atuona,-9.8,-139.0333,81.12,75,51,15.41,PF,1680132340
5,porto novo,6.4965,2.6036,84.02,82,71,9.17,BJ,1680132341
6,soure,-0.7167,-48.5233,76.01,86,100,7.58,BR,1680132341
7,cherskiy,68.75,161.3,-10.12,93,84,2.66,RU,1680132341
8,hurghada,27.2574,33.8129,63.01,58,0,31.29,EG,1680132215
9,nikki,9.9401,3.2108,83.71,17,43,1.36,BJ,1680132341
10,rikitea,-23.1203,-134.9692,80.01,76,73,7.52,PF,1680132341
11,bluff,-46.6,168.3333,52.81,58,50,14.94,NZ,1680132341
12,maamba,-17.3667,27.15,67.41,73,3,3.74,ZM,1680132341
13,geraldton,-28.7667,114.6,73.81,78,40,18.41,AU,1680132341
14,gazanjyk,39.2446,55.5154,66.9,42,0,7.11,TM,1680132341
15,airai,-8.9266,125.4092,61.97,83,99,1.99,TL,1680132341
16,mataura,-46.1927,168.8643,52.48,55,21,6.98,NZ,1680132342
17,lokosovo,61.1333,74.8167,10.51,84,94,13.38,RU,1680132342
18,east london,-33.0153,27.9116,62.08,66,96,16.28,ZA,1680132342
19,hilo,19.7297,-155.09,84.27,77,100,11.99,US,1680132055
20,kudahuvadhoo,2.6708,72.8944,81.39,75,11,7.11,MV,1680132069
21,mindelo,16.8901,-24.9804,74.75,64,40,18.41,CV,1680132342
22,yellandu,17.6,80.3333,75.6,81,17,4.59,IN,1680132342
23,rodrigues alves,-7.738,-72.6509,77.2,97,99,1.99,BR,1680132343
24,buraydah,26.326,43.975,68.45,20,76,10.09,SA,1680132343
25,kodiak,57.79,-152.4072,38.71,87,100,11.5,US,1680132343
26,abu dhabi,24.4667,54.3667,75.94,67,0,3.44,AE,1680132343
27,pesaro,43.9036,12.8903,56.12,67,43,1.01,IT,1680132343
28,ushuaia,-54.8,-68.3,37.06,75,75,20.71,AR,1680132174
29,norman wells,65.282,-126.8329,19.44,58,75,4.61,CA,1680132343
30,traverse city,44.7631,-85.6206,28.6,42,40,11.5,US,1680132343
31,hasaki,35.7333,140.8333,57.29,70,45,1.39,JP,1680132343
32,port keats,-14.25,129.55,80.26,75,85,4.85,AU,1680132344
33,port alfred,-33.5906,26.891,56.17,76,91,3.0,ZA,1680132344
34,cape town,-33.9258,18.4232,60.91,82,75,7.0,ZA,1680131912
35,castro,-24.7911,-50.0119,65.03,95,86,4.56,BR,1680132344
36,nome,64.5011,-165.4064,26.67,93,100,20.71,US,1680132344
37,coahuayana,18.7333,-103.6833,86.43,44,92,6.73,MX,1680132344
38,cabo san lucas,22.8909,-109.9124,81.05,50,75,9.22,MX,1680132265
39,simao,22.7886,100.9748,55.04,67,3,0.81,CN,1680132345
40,nikolskoye,59.7035,30.7861,24.69,92,100,7.25,RU,1680132345
41,hermanus,-34.4187,19.2345,53.8,75,32,4.5,ZA,1680132345
42,kruisfontein,-34.0033,24.7314,53.89,80,54,12.01,ZA,1680132345
43,punta arenas,-53.15,-70.9167,39.31,56,40,6.91,CL,1680132345
44,talnakh,69.4865,88.3972,-16.76,99,100,6.67,RU,1680132345
45,kingston,17.997,-76.7936,81.55,78,20,20.71,JM,1680132180
46,hobart,-42.8794,147.3294,56.26,71,75,18.41,AU,1680132345
47,salou,41.0766,1.1416,58.05,84,0,2.3,ES,1680132085
48,pitiquito,30.7,-112.0833,78.1,9,0,21.32,MX,1680132346
49,tromso,69.6496,18.957,26.62,74,40,8.05,NO,1680132346
50,parfenyevo,58.484,43.4088,31.98,88,100,9.62,RU,1680132346
51,chimoio,-19.1164,33.4833,62.08,98,25,3.71,MZ,1680132346
52,katsuura,35.1333,140.3,53.62,79,11,5.82,JP,1680132346
53,san rafael,-34.6177,-68.3301,59.65,41,21,7.4,AR,1680132346
54,grand gaube,-20.0064,57.6608,81.0,78,52,5.01,MU,1680132346
55,cockburn town,21.4612,-71.1419,78.76,69,40,11.5,TC,1680132346
56,rundu,-17.9333,19.7667,67.44,73,93,4.23,NA,1680132346
57,taoudenni,22.6783,-3.9836,86.88,7,1,20.85,ML,1680132347
58,mafeteng,-29.823,27.2374,50.63,31,82,2.77,LS,1680132347
59,aklavik,68.2191,-135.0107,14.13,82,11,12.91,CA,1680132347
60,ust-kut,56.7938,105.7672,33.21,94,76,5.39,RU,1680132347
61,gamba,-2.65,10.0,75.45,86,100,4.7,GA,1680132348
62,port elizabeth,-33.918,25.5701,61.09,68,0,20.71,ZA,1680132348
63,saint-pierre,-21.3393,55.4781,74.88,73,0,4.61,RE,1680132348
64,yumen,40.2833,97.2,41.67,19,0,2.68,CN,1680132348
65,toribio,2.9548,-76.2684,63.14,96,97,1.97,CO,1680132348
66,ostrovnoy,68.0531,39.5131,27.23,91,100,19.13,RU,1680132348
67,longyearbyen,78.2186,15.6401,10.24,79,75,6.91,SJ,1680132349
68,sechura,-5.5569,-80.8222,80.15,77,89,9.26,PE,1680132349
69,aguimes,27.9054,-15.4461,75.83,22,0,20.71,ES,1680132349
70,vaini,-21.2,-175.2,86.16,79,40,5.75,TO,1680132349
71,kapaa,22.0752,-159.319,73.72,88,100,11.5,US,1680132349
72,inuvik,68.3499,-133.7218,14.86,62,0,8.05,CA,1680132350
73,ancud,-41.8697,-73.8203,50.65,77,98,9.1,CL,1680132230
74,saskylakh,71.9167,114.0833,-23.53,100,95,2.93,RU,1680132350
75,dunedin,-45.8742,170.5036,54.81,61,66,9.31,NZ,1680132203
76,opuwo,-18.0607,13.84,69.4,75,96,5.77,NA,1680132072
77,kloulklubed,7.0419,134.2556,77.5,68,51,1.14,PW,1680132350
78,karratha,-20.7377,116.8463,81.66,78,100,12.01,AU,1680132351
79,bereda,43.2686,-7.5406,58.57,81,88,9.6,ES,1680132351
80,ribeira grande,38.5167,-28.7,62.78,90,100,31.0,PT,1680132352
81,alofi,-19.0595,-169.9187,84.09,74,75,8.05,NU,1680132352
82,acapulco,16.8634,-99.8901,85.82,62,0,6.91,MX,1680132352
83,saldanha,-33.0117,17.9442,57.25,80,54,16.91,ZA,1680132352
84,barrow,71.2906,-156.7887,8.62,78,0,12.66,US,1680132352
85,eckernforde,54.4667,9.8333,47.28,92,100,9.98,DE,1680132353
86,clyde river,70.4692,-68.5914,-9.17,84,75,4.61,CA,1680132081
87,diffa,13.3154,12.6113,78.91,11,90,8.9,NE,1680132353
88,cooma,-36.2333,149.1333,52.79,70,14,4.12,AU,1680132353
89,souillac,-20.5167,57.5167,80.98,83,75,10.36,MU,1680132353
90,tonj,7.2737,28.6822,83.35,28,58,1.43,SS,1680132353
91,arcelia,18.2833,-100.2667,98.89,22,71,6.2,MX,1680132353
92,tasiilaq,65.6145,-37.6368,12.36,66,3,4.32,GL,1680132354
93,qaanaaq,77.484,-69.3632,-10.08,64,89,7.29,GL,1680132354
94,torbay,47.6666,-52.7314,32.29,93,100,14.97,CA,1680132258
95,topeka,39.0483,-95.678,61.18,38,0,11.5,US,1680132086
96,jamestown,42.097,-79.2353,31.59,97,100,17.27,US,1680132347
97,vaitape,-16.5167,-151.75,82.44,73,92,8.86,PF,1680132354
98,puerto ayora,-0.7393,-90.3518,81.55,87,89,3.0,EC,1680132354
99,faanui,-16.4833,-151.75,82.42,73,93,8.75,PF,1680132354
100,tiksi,71.6872,128.8694,-19.16,99,75,5.5,RU,1680132354
101,bengkulu,-3.8004,102.2655,75.51,87,94,4.0,ID,1680132354
102,hithadhoo,-0.6,73.0833,81.81,77,23,7.05,MV,1680132354
103,mikhaylovka,50.06,43.2379,45.79,77,100,5.57,RU,1680132354
104,shelburne,44.0787,-80.2041,25.25,84,67,20.67,CA,1680132355
105,port macquarie,-31.4333,152.9167,78.89,50,0,6.96,AU,1680132226
106,kangaba,11.9333,-8.4167,82.96,57,72,7.11,ML,1680132355
107,meulaboh,4.1363,96.1285,75.65,90,19,3.91,ID,1680132355
108,bandarbeyla,9.4942,50.8122,79.83,75,10,3.4,SO,1680132355
109,kenai,60.5544,-151.2583,37.49,71,100,5.75,US,1680132355
110,vostok,46.4856,135.8833,39.34,61,96,8.97,RU,1680132229
111,leninsk,48.7119,45.1994,52.05,66,98,6.87,RU,1680132355
112,flinders,-34.5833,150.8552,69.06,67,12,5.01,AU,1680132165
113,avarua,-21.2078,-159.775,82.45,83,75,8.05,CK,1680132356
114,carnarvon,-24.8667,113.6333,75.07,77,100,3.38,AU,1680132356
115,tazovskiy,67.4667,78.7,0.97,93,100,16.89,RU,1680132356
116,iqaluit,63.7506,-68.5145,-2.31,77,75,15.01,CA,1680132356
117,leshukonskoye,64.8989,45.7622,26.08,86,100,11.79,RU,1680132356
118,gat,31.61,34.7642,57.88,100,88,14.52,IL,1680132356
119,martapura,-3.4167,114.85,75.29,94,40,2.3,ID,1680132356
120,saint george,37.1041,-113.5841,66.25,34,0,23.02,US,1680132357
121,new waterford,40.8451,-80.6145,38.57,88,100,12.84,US,1680132357
122,kapuskasing,49.4169,-82.4331,19.49,63,75,9.22,CA,1680132357
123,albany,42.6001,-73.9662,50.65,35,98,5.48,US,1680132296
124,kahului,20.8947,-156.47,82.42,54,40,6.91,US,1680132357
125,chuy,-33.6971,-53.4616,72.48,73,33,6.67,UY,1680132357
126,georgetown,5.4112,100.3354,78.73,92,20,3.44,MY,1680132332
127,tanout,14.9709,8.8879,75.94,13,61,11.03,NE,1680132357
128,busselton,-33.65,115.3333,60.17,73,94,14.7,AU,1680132357
129,vestmannaeyjar,63.4427,-20.2734,40.93,87,100,29.42,IS,1680132358
130,tena,-0.9833,-77.8167,72.75,95,94,2.55,EC,1680132358
131,kargopol,61.5071,38.9456,34.81,98,100,11.95,RU,1680132358
132,codrington,-38.2667,141.9667,59.18,74,43,11.59,AU,1680132358
133,ternate,0.8,127.4,80.29,80,100,7.94,ID,1680132359
134,cayenne,4.9333,-52.3333,78.84,78,40,6.91,GF,1680132263
135,cascais,38.6979,-9.4215,63.12,93,100,11.99,PT,1680132359
136,san patricio,28.017,-97.5169,71.47,75,98,14.36,US,1680132359
137,touros,-5.1989,-35.4608,78.98,80,22,7.92,BR,1680132359
138,liaoyang,41.2719,123.1731,43.12,53,5,4.36,CN,1680132359
139,phalaborwa,-23.943,31.1411,72.68,77,28,14.83,ZA,1680132359
140,nanortalik,60.1432,-45.2371,24.89,90,62,6.44,GL,1680132359
141,narsaq,60.9167,-46.05,28.62,79,11,5.35,GL,1680132359
142,tucupita,9.0622,-62.051,80.65,60,99,8.88,VE,1680132359
143,jizan,17.3333,42.6667,81.54,66,6,5.75,SA,1680132359
144,natal,-5.795,-35.2094,79.45,83,40,3.44,BR,1680132359
145,luderitz,-26.6481,15.1594,59.68,71,0,22.01,NA,1680132360
146,klaksvik,62.2266,-6.589,43.72,96,100,41.99,FO,1680132101
147,sidi ali,36.0998,0.4206,57.13,74,21,4.18,DZ,1680132360
148,yairipok,24.6667,94.0667,58.01,69,38,0.87,IN,1680132360
149,upernavik,72.7868,-56.1549,-18.71,87,52,7.09,GL,1680132360
150,luba,3.4568,8.5547,80.51,81,100,8.08,GQ,1680132360
151,khatanga,71.9667,102.5,-20.49,100,99,3.13,RU,1680132360
152,thompson,55.7435,-97.8558,30.36,40,75,13.8,CA,1680132360
153,botwood,49.1499,-55.3482,21.07,93,49,1.36,CA,1680132360
154,bouna,9.2667,-3.0,82.6,49,95,5.37,CI,1680132360
155,lola,7.8,-8.5333,71.55,94,89,1.03,GN,1680132361
156,caraballeda,10.6112,-66.8522,81.86,88,52,12.66,VE,1680132361
157,lebu,-37.6167,-73.65,53.4,69,19,16.71,CL,1680132361
158,gurupa,-1.405,-51.64,74.08,97,80,3.83,BR,1680132361
159,tura,25.5198,90.2201,65.8,82,53,4.07,IN,1680132361
160,marsh harbour,26.5412,-77.0636,75.54,76,23,13.27,BS,1680132169
161,kushiro,42.975,144.3747,40.15,70,0,2.3,JP,1680132362
162,paamiut,61.994,-49.6678,11.71,83,13,6.17,GL,1680132362
163,changli,39.7042,119.1506,54.39,36,27,6.42,CN,1680132362
164,victoria,22.2855,114.1577,70.2,92,100,5.01,HK,1680132145
165,nizwa,22.9333,57.5333,68.94,39,0,0.49,OM,1680132363
166,new norfolk,-42.7826,147.0587,55.92,73,100,3.0,AU,1680132363
167,qaqortoq,60.7167,-46.0333,18.99,83,14,3.42,GL,1680132363
168,kutum,14.2,24.6667,70.39,12,32,8.1,SD,1680132307
169,aktau,43.65,51.2,48.78,85,19,16.08,KZ,1680132364
170,rawson,-43.3002,-65.1023,57.9,26,63,12.35,AR,1680132364
171,dikson,73.5069,80.5464,-4.11,98,100,12.68,RU,1680132364
172,ahuimanu,21.4447,-157.8378,82.11,83,100,12.66,US,1680132365
173,avera,33.194,-82.5271,62.11,50,98,3.51,US,1680132365
174,kaoma,-14.7833,24.8,66.31,92,93,4.68,ZM,1680132365
175,king city,36.2127,-121.126,52.9,68,100,9.46,US,1680132365
176,kungurtug,50.5994,97.5228,20.89,81,3,2.66,RU,1680132365
177,mar del plata,-38.0023,-57.5575,60.1,59,40,5.75,AR,1680132106
178,melfort,52.8667,-104.6177,28.53,59,91,11.5,CA,1680132365
179,saint-philippe,-21.3585,55.7679,74.79,76,66,8.66,RE,1680132365
180,kavieng,-2.5744,150.7967,83.17,71,99,5.19,PG,1680132366
181,chokurdakh,70.6333,147.9167,-16.56,98,100,2.93,RU,1680132366
182,butaritari,3.0707,172.7902,81.39,80,98,13.76,KI,1680132366
183,balkhash,46.844,74.9804,39.7,63,16,8.95,KZ,1680132366
184,arraial do cabo,-22.9661,-42.0278,78.66,83,0,11.5,BR,1680132366
185,fare,-16.7,-151.0167,82.62,73,79,8.01,PF,1680132366
186,igurusi,-8.85,33.85,62.46,89,87,1.83,TZ,1680132366
187,havre-saint-pierre,50.2334,-63.5986,32.36,86,100,5.75,CA,1680132366
188,lorengau,-2.0226,147.2712,82.94,74,98,6.91,PG,1680132366
189,mount pleasant,32.7941,-79.8626,60.06,72,40,5.75,US,1680132367
190,prince rupert,54.3161,-130.3201,44.69,61,0,14.97,CA,1680132367
191,santa quiteria,-4.3319,-40.1567,73.62,94,95,2.95,BR,1680132367
192,panguna,-6.3164,155.4848,74.16,85,100,3.0,PG,1680132367
193,winona,43.9666,-91.7668,32.43,31,0,5.75,US,1680132620
194,santo antonio do sudoeste,-26.0736,-53.7253,72.86,81,17,3.22,BR,1680132367
195,cabra,37.4725,-4.4421,59.09,37,88,4.05,ES,1680132367
196,elko,41.0002,-115.5012,35.62,66,100,7.0,US,1680132341
197,college,64.8569,-147.8028,33.78,35,75,4.61,US,1680132367
198,whitehorse,60.7161,-135.0538,38.17,41,75,4.61,CA,1680132367
199,kavaratti,10.5669,72.642,81.03,71,38,10.98,IN,1680132368
200,tondano,1.3038,124.9112,73.49,95,100,1.25,ID,1680132368
201,buala,-8.145,159.5921,78.85,86,100,6.49,SB,1680132368
202,itarema,-2.9248,-39.9167,76.95,88,32,8.19,BR,1680132368
203,agadez,19.75,10.25,72.66,8,4,9.8,NE,1680132368
204,shasta lake,40.6804,-122.3708,45.32,86,100,1.86,US,1680132368
205,fuyu,45.1833,124.8167,45.99,39,22,1.77,CN,1680132368
206,henties bay,-22.116,14.2845,59.68,93,11,9.08,NA,1680132368
207,phan thiet,10.9333,108.1,73.94,87,84,2.75,VN,1680132368
208,olafsvik,64.8945,-23.7142,36.28,85,100,15.12,IS,1680132369
209,lagoa,39.05,-27.9833,61.48,82,100,34.74,PT,1680132369
210,athabasca,54.7169,-113.2854,36.01,99,100,3.69,CA,1680132369
211,grindavik,63.8424,-22.4338,40.95,93,100,17.27,IS,1680132369
212,dingle,10.9995,122.6711,77.74,85,91,6.73,PH,1680132370
213,myitkyina,25.3833,97.4,61.36,67,30,2.8,MM,1680132370
214,beloha,-25.1667,45.05,68.02,86,0,5.26,MG,1680132370
215,wadi musa,30.3222,35.4793,43.36,89,93,14.23,JO,1680132371
216,carinhanha,-14.3047,-43.765,79.52,34,98,6.44,BR,1680132371
217,gillingham,51.3891,0.5486,55.85,87,88,5.01,GB,1680132372
218,vestmanna,62.1564,-7.1664,41.92,87,100,39.12,FO,1680132372
219,camacha,33.0833,-16.3333,63.82,88,20,14.97,PT,1680132372
220,zhigansk,66.7697,123.3711,-10.7,95,59,5.03,RU,1680132372
221,kolda,12.8833,-14.95,86.31,45,0,6.91,SN,1680132372
222,kidal,18.4411,1.4078,79.52,7,39,10.54,ML,1680132373
223,lamu,-2.2717,40.902,82.62,79,23,7.54,KE,1680132373
224,byron bay,-28.65,153.6167,72.41,79,97,4.56,AU,1680132373
225,tuktoyaktuk,69.4541,-133.0374,3.2,78,0,3.44,CA,1680132373
226,eureka,40.8021,-124.1637,55.62,67,63,13.0,US,1680132226
227,kinston,35.2627,-77.5816,57.38,47,40,0.0,US,1680132373
228,bubaque,11.2833,-15.8333,77.85,70,16,16.51,GW,1680132373
229,remedios,22.4947,-79.5458,81.52,66,0,12.15,CU,1680132373
230,bredasdorp,-34.5322,20.0403,57.43,75,43,5.68,ZA,1680132374
231,yining,29.0361,114.5636,53.42,97,100,1.19,CN,1680132374
232,coquimbo,-29.9533,-71.3436,62.33,88,0,5.75,CL,1680132119
233,nador,35.174,-2.9287,57.45,88,0,1.14,MA,1680132374
234,vardo,70.3705,31.1107,28.38,93,100,21.85,NO,1680132170
235,north platte,41.1239,-100.7654,42.69,54,0,16.11,US,1680132374
236,sao filipe,14.8961,-24.4956,77.43,57,84,6.8,CV,1680132374
237,wronki,52.7105,16.3804,44.62,87,100,6.06,PL,1680132234
238,cidreira,-30.1811,-50.2056,71.87,93,55,11.92,BR,1680132375
239,bilibino,68.0546,166.4372,5.81,92,97,3.04,RU,1680132375
240,puerto quijarro,-17.7833,-57.7667,81.12,69,46,1.68,BO,1680132375
241,tete,-16.1564,33.5867,68.09,100,40,0.0,MZ,1680132375
242,raudeberg,61.9875,5.1352,36.27,62,64,9.84,NO,1680132376
243,portland,45.5234,-122.6762,60.57,61,40,4.61,US,1680132272
244,zenzeli,45.9241,47.0474,52.59,63,98,6.42,RU,1680132376
245,rio grande,-32.035,-52.0986,77.11,74,14,6.6,BR,1680132376
246,chulman,56.8479,124.9104,1.94,100,90,1.23,RU,1680132376
247,ust-tsilma,65.441,52.1498,14.9,94,97,5.93,RU,1680132376
248,lichuan,30.3,108.85,40.28,95,40,1.66,CN,1680132376
249,san jeronimo,-11.9472,-75.2829,53.13,78,76,4.14,PE,1680132376
250,port lincoln,-34.7333,135.8667,62.42,69,60,10.56,AU,1680132377
251,kautokeino,69.0125,23.0412,16.9,96,100,6.6,NO,1680132377
252,severo-kurilsk,50.6789,156.125,35.69,77,6,6.06,RU,1680132377
253,gobabis,-22.45,18.9667,68.97,38,5,6.71,NA,1680132377
254,mahebourg,-20.4081,57.7,80.89,83,75,10.36,MU,1680132377
255,wuzhou,23.4833,111.3167,61.68,95,100,2.77,CN,1680132378
256,caravelas,-17.7125,-39.2481,75.72,77,0,5.82,BR,1680132378
257,guerrero negro,27.9769,-114.0611,64.98,42,0,17.29,MX,1680132378
258,labuhan,-6.8844,112.2051,78.08,87,100,8.34,ID,1680132378
259,port-gentil,-0.7193,8.7815,78.76,89,20,8.05,GA,1680132378
260,marfino,55.7028,37.3822,43.09,93,100,6.71,RU,1680132378
261,tashtagol,52.7657,87.8894,35.08,99,100,3.02,RU,1680132379
262,mangalia,43.8,28.5833,35.76,62,30,8.86,RO,1680132379
263,freeport,40.6576,-73.5832,48.33,66,0,18.41,US,1680132379
264,arys,42.4252,68.795,58.57,67,81,4.94,KZ,1680132379
265,coihaique,-45.5752,-72.0662,40.95,93,100,8.05,CL,1680132379
266,half moon bay,37.4636,-122.4286,52.79,85,100,10.36,US,1680132379
267,vila velha,-20.3297,-40.2925,78.75,89,0,6.91,BR,1680132379
268,buribay,51.9617,58.1592,28.9,81,45,18.92,RU,1680132379
269,fortuna,40.5982,-124.1573,55.35,65,75,8.01,US,1680132166
270,viedma,-40.8135,-62.9967,52.34,25,0,1.36,AR,1680132193
271,bowen,-20.0167,148.2333,80.92,72,23,3.42,AU,1680132380
272,iracoubo,5.4802,-53.2011,76.78,88,75,12.12,GF,1680132380
273,margate,51.3813,1.3862,55.87,82,93,5.99,GB,1680132380
274,plettenberg bay,-34.0527,23.3716,57.97,79,92,8.72,ZA,1680132299
275,teya,60.3778,92.6267,4.82,92,100,7.9,RU,1680132380
276,bethel,41.3712,-73.414,50.36,47,0,10.36,US,1680132380
277,dickinson,29.4608,-95.0513,67.08,72,100,11.5,US,1680132155
278,najran,17.4924,44.1277,72.25,55,44,4.92,SA,1680132380
279,kaitangata,-46.2817,169.8464,52.88,59,93,10.02,NZ,1680132381
280,takoradi,4.8845,-1.7554,79.95,86,99,7.07,GH,1680132381
281,mazamari,-11.3258,-74.5308,76.5,81,73,1.48,PE,1680132186
282,nizhneangarsk,55.7833,109.55,31.62,99,100,0.74,RU,1680132381
283,trapani,37.8333,12.6667,52.27,87,20,8.05,IT,1680132381
284,amarante do maranhao,-5.5667,-46.7422,72.01,97,47,3.98,BR,1680132381
285,cabedelo,-6.9811,-34.8339,79.47,85,62,8.9,BR,1680132381
286,luau,-10.7073,22.2247,64.69,96,86,2.37,AO,1680132381
287,floro,61.5996,5.0328,37.36,52,84,16.11,NO,1680132382
288,carauari,-4.8828,-66.8958,74.07,97,100,0.29,BR,1680132382
289,bukama,-9.2,25.85,69.37,98,100,1.32,CD,1680132382
290,ossora,59.2353,163.0719,16.92,79,8,1.21,RU,1680132382
291,gizo,-8.103,156.8419,82.09,78,100,7.7,SB,1680132306
292,pangai,-19.8,-174.35,84.31,79,20,5.75,TO,1680132369
293,ambulu,-8.345,113.6058,76.06,90,78,2.08,ID,1680132382
294,hovd,48.0056,91.6419,34.68,44,63,2.55,MN,1680132382
295,buka,40.8108,69.1986,62.37,63,100,4.76,UZ,1680132382
296,odda,60.0691,6.5457,39.78,92,49,8.55,NO,1680132383
297,rudnyy,52.9594,63.1206,26.83,82,53,14.79,KZ,1680132383
298,bambous virieux,-20.3428,57.7575,80.85,83,75,10.36,MU,1680132383
299,damietta,31.4165,31.8133,56.46,58,40,16.28,EG,1680132383
300,ahipara,-35.1667,173.1667,61.2,43,100,4.65,NZ,1680132383
301,dwarka,22.2394,68.9678,76.39,82,71,9.89,IN,1680132383
302,kaeo,-35.1,173.7833,65.32,58,100,5.23,NZ,1680132383
303,am timan,11.0297,20.2827,87.35,15,20,5.35,TD,1680132383
304,iskar,43.45,24.2667,35.46,64,0,4.61,BG,1680132383
305,santa maria,-29.6842,-53.8069,76.3,78,75,6.91,BR,1680132186
306,lata,40.1629,-8.3327,53.89,89,66,2.8,PT,1680132384
307,saint-joseph,-21.3667,55.6167,73.78,76,51,9.48,RE,1680132384
308,vredendal,-31.6683,18.5012,60.71,61,65,11.39,ZA,1680132384
309,sao jose de ribamar,-2.5619,-44.0542,80.98,82,96,7.4,BR,1680132384
310,leningradskiy,69.3833,178.4167,13.59,90,100,13.4,RU,1680132384
311,vao,-22.6667,167.4833,76.68,75,72,7.49,NC,1680132384
312,isangel,-19.55,169.2667,82.6,71,78,5.73,VU,1680132384
313,verkhnevilyuysk,63.4453,120.3167,8.24,96,100,7.45,RU,1680132385
314,kropotkin,45.4375,40.5756,34.95,99,100,15.84,RU,1680132385
315,belmonte,-15.8631,-38.8828,76.93,73,9,7.83,BR,1680132385
316,kalmunai,7.4167,81.8167,74.26,84,19,1.7,LK,1680132385
317,xuddur,4.1213,43.8894,78.44,66,57,10.13,SO,1680132385
318,sioux lookout,50.1001,-91.917,24.87,36,40,12.66,CA,1680132385
319,pevek,69.7008,170.3133,-2.22,94,100,9.13,RU,1680132385
320,swellendam,-34.0226,20.4417,56.98,75,69,1.88,ZA,1680132385
321,hofn,64.2539,-15.2082,37.76,97,100,24.02,IS,1680132385
322,sao paulo de olivenca,-3.3783,-68.8725,74.91,95,63,1.1,BR,1680132386
323,san lorenzo,-25.3333,-57.5333,85.59,66,0,5.01,PY,1680132174
324,songea,-10.6833,35.65,62.01,97,86,1.25,TZ,1680132386
325,nykoping,58.753,17.0079,28.26,93,75,4.61,SE,1680132386
326,ananas,19.2466,-71.9557,73.96,64,0,9.15,HT,1680132386
327,xichang,27.8964,102.2634,50.65,80,78,0.94,CN,1680132386
328,uttarkashi,30.7333,78.45,56.19,46,97,6.82,IN,1680132386
329,khartoum,15.5518,32.5324,79.02,12,63,12.97,SD,1680132309
330,perth,-31.9333,115.8333,69.04,61,0,19.57,AU,1680132380
331,alamosa,37.4695,-105.87,55.38,18,0,20.71,US,1680132387
332,sitka,57.0531,-135.33,44.49,61,0,20.71,US,1680132387
333,isiro,2.7739,27.616,67.03,87,100,1.48,CD,1680132387
334,comodoro rivadavia,-45.8667,-67.5,57.06,30,0,11.5,AR,1680132387
335,thongwa,16.7619,96.5278,77.16,74,31,3.71,MM,1680132387
336,rovenki,48.0833,39.3776,35.13,95,100,15.3,UA,1680132387
337,tiznit,29.5833,-9.5,75.4,16,0,2.42,MA,1680132387
338,katherine,-14.4667,132.2667,82.72,65,86,4.61,AU,1680132387
339,kyaikto,17.3,97.0167,75.09,71,23,1.81,MM,1680132387
340,mount gambier,-37.8333,140.7667,58.82,74,47,8.16,AU,1680132139
341,utinga,-5.8172,-35.3954,79.65,89,20,3.44,BR,1680132387
342,abu samrah,35.3029,37.1841,49.42,66,40,20.69,SY,1680132388
343,bam,29.106,58.357,64.98,36,1,2.77,IR,1680132388
344,farafangana,-22.8167,47.8333,73.87,79,99,5.95,MG,1680132388
345,asau,46.4333,26.4,29.32,83,74,5.53,RO,1680132165
346,republic,37.12,-93.4802,63.91,32,0,1.99,US,1680132388
347,khairagarh,26.95,77.8167,73.81,30,11,5.55,IN,1680132388
348,batagay,67.6333,134.6333,-6.75,98,99,1.61,RU,1680132388
349,araouane,18.9048,-3.5265,82.9,9,1,10.8,ML,1680132388
350,doha,25.2867,51.5333,69.78,58,0,9.22,QA,1680132389
351,conakry,9.538,-13.6773,78.13,84,55,6.58,GN,1680132389
352,dutse,11.7594,9.3392,77.16,12,76,8.88,NG,1680132389
353,ozark,37.0209,-93.206,64.94,38,12,1.01,US,1680132389
354,benghazi,32.1167,20.0667,56.53,59,0,10.6,LY,1680132389
355,rocha,-34.4833,-54.3333,68.4,86,42,14.18,UY,1680132389
356,mineiros,-17.5694,-52.5511,70.65,84,22,4.07,BR,1680132158
357,mgandu,-5.95,34.1333,60.82,97,100,2.89,TZ,1680132389
358,ranfurly,-45.1333,170.1,47.1,75,6,5.23,NZ,1680132390
359,chiang khong,20.2613,100.4046,67.77,52,4,1.59,TH,1680132390
360,port moresby,-9.4431,147.1797,81.63,76,99,0.63,PG,1680132390
361,long xuyen,10.3833,105.4167,75.25,84,92,4.12,VN,1680132214
362,oum hadjer,13.2954,19.6966,89.82,15,76,7.99,TD,1680132390
363,boueni,-12.9025,45.0761,80.58,73,73,4.29,YT,1680132390
364,charters towers,-20.1,146.2667,79.18,67,7,10.07,AU,1680132390
365,jasper,37.2001,-94.3502,65.23,32,0,8.05,US,1680132235
366,maihar,24.2667,80.75,76.69,29,58,3.4,IN,1680132391
367,kumbhraj,24.3667,77.05,79.39,24,98,2.68,IN,1680132183
368,rurrenabaque,-14.4413,-67.5278,76.23,91,99,0.72,BO,1680132391
369,jining,35.405,116.5814,49.17,75,39,6.91,CN,1680132391
370,lazurne,46.084,32.5295,37.53,57,99,13.98,UA,1680132391
371,nizhniy kuranakh,58.8353,125.4869,9.63,90,62,4.45,RU,1680132391
372,los llanos de aridane,28.6585,-17.9182,73.15,11,0,11.5,ES,1680132391
373,te anau,-45.4167,167.7167,47.89,62,57,0.38,NZ,1680132392
374,namyslow,51.0759,17.7228,45.0,87,85,9.37,PL,1680132392
375,puerto narino,-3.7703,-70.3831,75.45,95,100,3.2,CO,1680132392
376,great falls,47.5002,-111.3008,41.45,56,40,8.05,US,1680132392
377,nagornyy,52.7959,83.5498,35.98,90,67,8.43,RU,1680132392
378,constantine,36.365,6.6147,49.41,57,0,1.14,DZ,1680132392
379,antalya,36.7741,30.7178,47.08,37,0,20.71,TR,1680132392
380,columbus,39.9612,-82.9988,50.34,64,100,21.85,US,1680132136
381,sena madureira,-9.0656,-68.6569,75.18,95,90,1.95,BR,1680132392
382,saint anthony,45.0205,-93.218,28.24,43,0,8.05,US,1680132392
383,yerofey pavlovich,53.9667,121.9667,18.88,74,17,3.02,RU,1680132392
384,palmer,42.1584,-72.3287,49.17,37,54,4.0,US,1680132392
385,atherton,53.5237,-2.4935,53.29,94,100,5.82,GB,1680132393
386,ixtapa,20.7,-105.2,74.43,69,75,12.66,MX,1680132393
387,adrar,20.5022,-10.0711,81.46,8,0,5.61,MR,1680132393
388,hambantota,6.1241,81.1185,76.8,79,33,6.02,LK,1680132393
389,longyan,25.1072,117.0225,62.76,98,99,1.28,CN,1680132393
390,male,4.1748,73.5089,82.35,83,20,5.75,MV,1680132393
391,nyurba,63.2842,118.3319,12.43,95,100,10.92,RU,1680132393
392,alugan,12.2188,125.4808,80.2,82,100,8.52,PH,1680132394
393,kabompo,-13.5927,24.2008,63.52,97,100,4.36,ZM,1680132394
394,tavda,58.0425,65.2726,24.62,76,3,6.78,RU,1680132394
395,sabang,5.8933,95.3214,82.53,73,7,8.63,ID,1680132394
396,erzincan,39.75,39.5,29.5,80,100,13.8,TR,1680132394
397,fairbanks,64.8378,-147.7164,33.8,36,75,4.61,US,1680132300
398,parian dakula,5.5567,120.7719,81.05,76,84,4.99,PH,1680132394
399,korla,41.7597,86.1469,52.34,20,96,2.71,CN,1680132394
400,hengshui,37.7322,115.7011,52.5,46,5,9.26,CN,1680132394
401,kagalnik,47.0769,39.323,43.72,96,100,15.01,RU,1680132394
402,shamary,57.3434,58.2199,24.73,81,14,7.07,RU,1680132394
403,sangar,63.9242,127.4739,-4.04,99,100,0.72,RU,1680132394
404,broken hill,-31.95,141.4333,58.6,60,0,13.27,AU,1680132395
405,cangzhou,38.3167,116.8667,53.1,43,12,8.41,CN,1680132395
406,komatsu,36.4026,136.4509,50.83,76,0,3.44,JP,1680132395
407,egvekinot,66.3167,-179.1667,20.77,80,100,4.68,RU,1680132395
408,port hawkesbury,45.6169,-61.3485,32.59,93,100,5.75,CA,1680132395
409,slave lake,55.2834,-114.769,31.98,93,100,2.3,CA,1680132345
410,kamaishi,39.2667,141.8833,47.16,66,4,2.86,JP,1680132395
411,srednekolymsk,67.45,153.6833,2.3,87,99,8.41,RU,1680132395
412,muros,42.7762,-9.0603,61.09,84,22,15.17,ES,1680132395
413,synya,65.3718,58.0387,-3.39,100,83,3.44,RU,1680132395
414,makakilo city,21.3469,-158.0858,80.92,73,75,12.66,US,1680132395
415,igrim,63.1906,64.4162,2.68,93,7,3.53,RU,1680132395
416,huarmey,-10.0681,-78.1522,78.78,75,93,7.52,PE,1680132395
417,dongfeng,42.6403,125.5118,43.63,66,98,6.6,CN,1680132395
418,ipora,-16.4419,-51.1178,76.12,68,64,1.21,BR,1680132191
419,bone,51.9669,12.1396,49.89,78,100,6.87,DE,1680132396
420,ravar,31.2656,56.8055,61.41,35,0,3.2,IR,1680132396
421,homer,59.6425,-151.5483,39.07,68,100,6.91,US,1680132396
422,kuznechnoye,61.12,29.8686,20.86,91,100,8.1,RU,1680132396
423,constitucion,-35.3333,-72.4167,55.63,71,50,16.91,CL,1680132397
424,esplanada,-11.7961,-37.945,72.16,95,10,4.03,BR,1680132397
425,felsberg,51.1333,9.4167,54.91,95,100,6.22,DE,1680132397
426,emerald,-23.5333,148.1667,78.35,79,61,9.84,AU,1680132271
427,turinsk,58.0458,63.696,25.59,76,5,5.57,RU,1680132397
428,bourail,-21.5667,165.4833,81.1,67,82,3.31,NC,1680132397
429,ngerengere,-6.75,38.1167,71.82,94,97,1.34,TZ,1680132397
430,youkounkoun,12.5333,-13.1333,88.23,25,20,9.28,GN,1680132397
431,namibe,-15.1961,12.1522,74.97,78,100,4.38,AO,1680132397
432,rio gallegos,-51.6226,-69.2181,41.05,65,40,3.44,AR,1680132398
433,sete lagoas,-19.4658,-44.2467,78.08,78,85,5.28,BR,1680132398
434,stornoway,58.2093,-6.3865,49.03,92,100,17.27,GB,1680132398
435,santo anastacio,-21.8383,-51.6103,80.96,74,55,0.58,BR,1680132126
436,asfi,32.2994,-9.2372,63.41,66,1,8.77,MA,1680132398
437,ust-ilimsk,58.0006,102.6619,38.88,91,93,10.78,RU,1680132398
438,hervey bay,-25.2986,152.8535,78.03,85,100,9.35,AU,1680132144
439,lesogorskiy,61.0455,28.9294,19.56,89,88,5.57,RU,1680132398
440,hamilton,39.1834,-84.5333,55.24,39,20,11.5,US,1680132241
441,sampit,-2.5333,112.95,73.63,99,100,1.9,ID,1680132399
442,rio tercero,-32.173,-64.1141,64.8,54,40,8.19,AR,1680132399
443,bacolod,10.6667,122.95,79.74,79,89,7.81,PH,1680132399
444,marystown,47.1666,-55.1483,34.86,100,56,6.11,CA,1680132399
445,tynda,55.1667,124.7167,7.48,88,5,3.2,RU,1680132399
446,balaipungut,1.05,101.2833,73.08,97,41,2.37,ID,1680132399
447,beringovskiy,63.05,179.3167,21.45,85,92,10.76,RU,1680132399
448,namtsy,62.7161,129.6658,7.63,90,99,3.62,RU,1680132399
449,arlit,18.7369,7.3853,76.57,10,1,11.81,NE,1680132399
450,samarai,-10.6167,150.6667,83.93,70,17,5.3,PG,1680132187
451,westport,41.1415,-73.3579,48.6,56,0,10.36,US,1680132400
452,hauterive,46.0901,3.4459,63.36,63,100,6.82,FR,1680132400
453,deputatskiy,69.3,139.9,-13.14,99,100,1.88,RU,1680132400
454,totness,5.8833,-56.3167,77.58,81,80,10.47,SR,1680132312
455,pyay,18.8167,95.2167,74.73,74,1,1.21,MM,1680132400
456,kashary,49.04,41.0056,44.35,86,100,13.49,RU,1680132400
457,sorong,-0.8833,131.25,80.15,81,100,3.51,ID,1680132401
458,marquette,46.5333,-87.6335,24.76,41,100,11.01,US,1680132401
459,port augusta,-32.5,137.7667,63.37,64,75,5.84,AU,1680132401
460,ouesso,1.6136,16.0517,70.3,93,100,2.1,CG,1680132401
461,ulaanbaatar,47.9077,106.8832,21.33,86,0,0.0,MN,1680132241
462,santa rosa,14.3122,121.1114,81.1,79,99,4.05,PH,1680132401
463,padang,-0.9492,100.3543,73.45,89,92,3.8,ID,1680132401
464,pacific grove,36.6177,-121.9166,55.08,86,100,11.99,US,1680132401
465,sao joao da barra,-21.6403,-41.0511,77.09,86,57,7.81,BR,1680132402
466,luanda,-8.8368,13.2343,82.4,78,20,5.75,AO,1680132402
467,pemangkat,1.1667,108.9667,77.67,86,89,6.93,ID,1680132402
468,kachug,53.9606,105.8817,26.71,97,40,1.83,RU,1680132402
469,magadan,59.5667,150.8,16.77,83,51,2.86,RU,1680132402
470,orlik,52.5178,99.825,15.15,90,6,1.68,RU,1680132402
471,buchanan,5.8808,-10.0467,78.22,89,63,5.23,LR,1680132402
472,sola,-13.8833,167.55,80.98,75,19,4.59,VU,1680132403
473,ambilobe,-13.2,49.05,72.9,96,93,2.64,MG,1680132403
474,gravdal,68.1214,13.5031,23.4,59,19,0.89,NO,1680132403
475,watertown,42.3709,-71.1828,49.24,54,0,14.97,US,1680132403
476,khani,41.9563,42.9566,33.37,99,100,3.56,GE,1680132403
477,qandala,11.472,49.8728,82.08,76,19,3.62,SO,1680132403
478,sapa,5.1544,120.3241,80.37,82,74,3.76,PH,1680132191
479,usakos,-22.0,15.6,66.72,41,5,4.18,NA,1680132404
480,sobolevo,54.4299,31.8996,26.92,92,100,14.81,RU,1680132404
481,laureles,26.1092,-97.4941,69.94,76,100,5.75,US,1680132404
482,balsas,-7.5325,-46.0356,76.37,72,100,2.21,BR,1680132404
483,gunjur,13.2019,-16.7339,73.47,78,0,5.75,GM,1680132404
484,cibitoke,-2.8833,29.25,59.67,88,62,3.6,BI,1680132404
485,talakan,50.3167,130.3667,32.58,60,79,10.38,RU,1680132404
486,port blair,11.6667,92.75,79.18,78,86,4.47,IN,1680132405
487,berbera,10.4396,45.0143,82.47,77,49,4.74,SO,1680132405
488,salalah,17.0151,54.0924,78.89,78,20,3.44,OM,1680132405
489,vanavara,60.34,102.2797,30.67,84,100,16.91,RU,1680132405
490,sao jose da coroa grande,-8.8978,-35.1478,78.84,83,51,9.66,BR,1680132405
491,udachnyy,66.4167,112.4,2.44,77,100,12.33,RU,1680132405
492,karasuk,53.7377,78.0403,24.66,83,98,16.37,RU,1680132405
493,san cristobal,7.7669,-72.225,73.58,67,96,1.54,VE,1680132405
494,san quintin,30.4833,-115.95,61.2,68,0,14.43,MX,1680132405
495,sambava,-14.2667,50.1667,77.61,85,94,5.23,MG,1680132405
496,santa maria ixhuatan,14.19,-90.2747,74.26,59,56,6.46,GT,1680132406
497,umm lajj,25.0213,37.2685,74.34,61,100,10.33,SA,1680132406
498,ponta do sol,32.6667,-17.1,69.12,32,16,1.95,PT,1680132406
499,ibra,22.6906,58.5334,70.43,38,0,3.74,OM,1680132406
500,brae,60.3964,-1.353,43.2,95,100,28.81,GB,1680132406
501,diapaga,12.0708,1.7889,87.96,9,100,8.66,BF,1680132406
502,wanxian,30.8039,108.3897,54.95,87,67,1.19,CN,1680132406
503,koutsouras,35.0339,25.9469,53.11,44,6,12.62,GR,1680132406
504,gimli,50.6336,-96.9907,24.82,63,96,16.11,CA,1680132406
505,namatanai,-3.6667,152.4333,82.74,73,99,3.27,PG,1680132407
506,santa fe,-31.6333,-60.7,73.29,92,70,8.52,AR,1680132407
507,adamovka,51.5223,59.9396,29.16,82,33,22.7,RU,1680132407
508,taree,-31.9,152.4667,73.98,54,0,6.13,AU,1680132407
509,marang,5.2056,103.2059,76.91,84,38,3.65,MY,1680132408
510,shingu,33.7333,135.9833,54.7,51,100,3.36,JP,1680132164
511,bozoum,6.3193,16.3799,73.09,61,55,4.32,CF,1680132408
512,zhezkazgan,47.8043,67.7144,45.48,64,0,13.96,KZ,1680132408
513,mehamn,71.0357,27.8492,30.11,100,100,24.16,NO,1680132408
514,sorrento,40.626,14.3744,53.35,87,0,1.14,IT,1680132408
515,lazaro cardenas,17.9583,-102.2,83.62,53,96,9.82,MX,1680132409
516,andros town,24.7,-77.7667,80.56,67,52,9.48,BS,1680132409
517,okato,-39.2,173.8833,57.69,51,4,3.4,NZ,1680132409
518,koygorodok,60.445,50.9968,23.61,87,53,8.79,RU,1680132409
519,saint-augustin,51.226,-58.6502,31.26,89,100,7.27,CA,1680132409
520,abu kamal,34.4506,40.9171,56.98,57,1,12.5,SY,1680132409
521,mount isa,-20.7333,139.5,80.37,47,10,10.36,AU,1680132297
522,vila franca do campo,37.7167,-25.4333,61.21,90,100,16.6,PT,1680132409
523,ola,59.5833,151.2833,14.52,83,57,3.38,RU,1680132409
524,yulara,-25.2406,130.9889,71.47,41,63,16.64,AU,1680132409
525,dilla,6.41,38.31,61.39,96,100,1.23,ET,1680132409
526,kem,64.9555,34.5793,32.4,99,100,13.31,RU,1680132410
527,bagdarin,54.4333,113.6,26.73,86,95,2.91,RU,1680132410
528,abalak,58.1286,68.5944,24.17,80,15,10.85,RU,1680132410
529,kigoma,-4.8769,29.6267,72.23,81,76,2.46,TZ,1680132410
530,palu,-0.8917,119.8707,76.06,94,90,1.86,ID,1680132410
531,faya,18.3851,42.4509,59.52,67,4,3.2,SA,1680132410
532,bartica,6.4,-58.6167,79.12,90,74,3.85,GY,1680132410
533,cururupu,-1.8283,-44.8683,73.89,96,96,2.44,BR,1680132410
534,phangnga,8.4509,98.5298,77.04,92,40,2.98,TH,1680132410
535,gao,16.6362,1.637,78.26,7,20,12.21,ML,1680132203
536,iona,26.5204,-81.964,80.65,76,42,8.99,US,1680132411
537,sur,22.5667,59.5289,75.83,44,0,0.96,OM,1680132411
538,tabuk,17.4189,121.4443,74.19,79,10,2.77,PH,1680132411
539,alma,48.5501,-71.6491,40.21,82,100,8.95,CA,1680132411
540,mirnyy,62.5353,113.9611,21.24,92,100,4.0,RU,1680132411
541,ust-maya,60.4167,134.5333,21.43,90,100,2.75,RU,1680132411
542,camana,-16.6228,-72.7111,74.21,86,28,5.59,PE,1680132412
543,havoysund,70.9963,24.6622,30.43,90,100,26.98,NO,1680132412
544,kashi,39.4547,75.9797,58.21,15,0,11.18,CN,1680132412
545,kaniama,-7.5667,24.1833,67.39,97,100,1.52,CD,1680132412
546,ust-kuyga,70.0167,135.6,-4.68,96,100,1.92,RU,1680132412
547,chumikan,54.7183,135.315,25.57,94,100,3.06,RU,1680132412
548,dabakala,8.3667,-4.4333,76.51,80,70,9.17,CI,1680132412
549,cheremukhovo,60.3484,59.9851,10.74,97,12,1.03,RU,1680132413
550,luwuk,-0.9516,122.7875,78.33,81,100,1.79,ID,1680132413
551,lavrentiya,65.5833,-171.0,22.78,92,100,11.9,RU,1680132413
552,bahir dar,11.5936,37.3908,72.5,26,93,6.06,ET,1680132413
553,belyy yar,53.6039,91.3903,31.89,74,0,2.24,RU,1680132413
554,kattivakkam,13.2167,80.3167,81.07,86,66,8.23,IN,1680132413
555,khvatovka,52.3524,46.5628,43.54,88,100,11.9,RU,1680132413
556,chiredzi,-21.05,31.6667,66.7,77,14,5.39,ZW,1680132413
557,florianopolis,-27.6146,-48.5012,70.83,93,75,11.5,BR,1680132414
558,calama,-22.4667,-68.9333,68.49,45,0,19.57,CL,1680132296
559,lalmohan,22.3384,90.7419,76.59,85,0,3.24,BD,1680132414
560,chicama,-7.8447,-79.1469,79.34,69,80,6.78,PE,1680132414
561,manoel urbano,-8.8389,-69.2597,75.25,96,100,2.37,BR,1680132414
562,sainte-rose,16.3324,-61.6979,77.04,73,20,6.91,GP,1680132414
563,redmond,47.674,-122.1215,63.73,36,49,1.99,US,1680132414
564,tual,-5.6667,132.75,80.47,83,100,16.08,ID,1680132414
565,mogadishu,2.0371,45.3438,80.83,78,46,13.18,SO,1680132414
566,sakata,38.9167,139.855,42.98,61,0,5.75,JP,1680132414
567,sisimiut,66.9395,-53.6735,5.63,73,4,9.48,GL,1680132414
568,pleasant grove,40.3641,-111.7385,55.11,43,100,23.02,US,1680132414
